{"cameraMode":{"drawMode":0,"name":"Shaded","section":"Shading Mode"},"sceneLighting":false,"audioPlay":false,"sceneViewState":{"m_AlwaysRefresh":false,"showFog":true,"showSkybox":false,"showFlares":true,"showImageEffects":true,"showParticleSystems":true,"showVisualEffectGraphs":true,"m_FxEnabled":true},"in2DMode":false,"pivot":{"x":3.5762786865234377e-7,"y":1.5169028043746949,"z":0.02040916681289673},"rotation":{"x":0.01724548265337944,"y":0.9791544079780579,"z":-0.09428859502077103,"w":0.17908430099487306},"size":1.779832124710083,"orthographic":false}